kernel_id,arg_idx,array_name,data_type,dim,elem_size,size_x,size_y,size_z,d_m_x,d_m_y,d_m_z,d_p_x,d_p_y,d_p_z,stride_x,stride_y,stride_z,total_bytes,access_type
1,0,xx,int,1,4,110,1,1,-2,0,0,2,0,0,1,1,1,440,WRITE
2,0,yy,int,1,4,1,110,1,0,-2,0,0,2,0,1,1,1,440,WRITE
3,0,zz,int,1,4,1,1,110,0,0,-2,0,0,2,1,1,1,440,WRITE
4,0,vertexx,double,1,8,110,1,1,-2,0,0,2,0,0,1,1,1,880,WRITE
4,1,xx,int,1,4,110,1,1,-2,0,0,2,0,0,1,1,1,440,READ
4,2,vertexdx,double,1,8,110,1,1,-2,0,0,2,0,0,1,1,1,880,WRITE
5,0,vertexy,double,1,8,1,110,1,0,-2,0,0,2,0,1,1,1,880,WRITE
5,1,yy,int,1,4,1,110,1,0,-2,0,0,2,0,1,1,1,440,READ
5,2,vertexdy,double,1,8,1,110,1,0,-2,0,0,2,0,1,1,1,880,WRITE
6,0,vertexz,double,1,8,1,1,110,0,0,-2,0,0,2,1,1,1,880,WRITE
6,1,zz,int,1,4,1,1,110,0,0,-2,0,0,2,1,1,1,440,READ
6,2,vertexdz,double,1,8,1,1,110,0,0,-2,0,0,2,1,1,1,880,WRITE
7,0,vertexx,double,1,8,110,1,1,-2,0,0,2,0,0,1,1,1,880,READ
7,1,cellx,double,1,8,109,1,1,-2,0,0,2,0,0,1,1,1,872,WRITE
7,2,celldx,double,1,8,109,1,1,-2,0,0,2,0,0,1,1,1,872,WRITE
8,0,vertexy,double,1,8,1,110,1,0,-2,0,0,2,0,1,1,1,880,READ
8,1,celly,double,1,8,1,109,1,0,-2,0,0,2,0,1,1,1,872,WRITE
8,2,celldy,double,1,8,1,109,1,0,-2,0,0,2,0,1,1,1,872,WRITE
9,0,vertexz,double,1,8,1,1,110,0,0,-2,0,0,2,1,1,1,880,READ
9,1,cellz,double,1,8,1,1,109,0,0,-2,0,0,2,1,1,1,872,WRITE
9,2,celldz,double,1,8,1,1,109,0,0,-2,0,0,2,1,1,1,872,WRITE
10,0,volume,double,1,8,109,109,109,-2,-2,-2,2,2,2,1,1,1,10360232,WRITE
10,1,celldy,double,1,8,1,109,1,0,-2,0,0,2,0,1,1,1,872,READ
10,2,xarea,double,1,8,109,109,109,-2,-2,-2,2,2,2,1,1,1,10360232,WRITE
10,3,celldx,double,1,8,109,1,1,-2,0,0,2,0,0,1,1,1,872,READ
10,4,yarea,double,1,8,109,109,109,-2,-2,-2,2,2,2,1,1,1,10360232,WRITE
10,5,celldz,double,1,8,1,1,109,0,0,-2,0,0,2,1,1,1,872,READ
10,6,zarea,double,1,8,109,109,109,-2,-2,-2,2,2,2,1,1,1,10360232,WRITE
11,0,vertexx,double,1,8,110,1,1,-2,0,0,2,0,0,1,1,1,880,READ
11,1,vertexy,double,1,8,1,110,1,0,-2,0,0,2,0,1,1,1,880,READ
11,2,vertexz,double,1,8,1,1,110,0,0,-2,0,0,2,1,1,1,880,READ
11,3,energy0,double,1,8,109,109,109,-2,-2,-2,2,2,2,1,1,1,10360232,WRITE
11,4,density0,double,1,8,109,109,109,-2,-2,-2,2,2,2,1,1,1,10360232,WRITE
11,5,xvel0,double,1,8,110,110,110,-2,-2,-2,2,2,2,1,1,1,10648000,WRITE
11,6,yvel0,double,1,8,110,110,110,-2,-2,-2,2,2,2,1,1,1,10648000,WRITE
11,7,zvel0,double,1,8,110,110,110,-2,-2,-2,2,2,2,1,1,1,10648000,WRITE
11,8,cellx,double,1,8,109,1,1,-2,0,0,2,0,0,1,1,1,872,READ
11,9,celly,double,1,8,1,109,1,0,-2,0,0,2,0,1,1,1,872,READ
11,10,cellz,double,1,8,1,1,109,0,0,-2,0,0,2,1,1,1,872,READ
12,0,density0,double,1,8,109,109,109,-2,-2,-2,2,2,2,1,1,1,10360232,READ
12,1,energy0,double,1,8,109,109,109,-2,-2,-2,2,2,2,1,1,1,10360232,READ
12,2,pressure,double,1,8,109,109,109,-2,-2,-2,2,2,2,1,1,1,10360232,WRITE
12,3,soundspeed,double,1,8,109,109,109,-2,-2,-2,2,2,2,1,1,1,10360232,WRITE
13,0,density0,double,1,8,109,109,109,-2,-2,-2,2,2,2,1,1,1,10360232,RW
13,1,density1,double,1,8,109,109,109,-2,-2,-2,2,2,2,1,1,1,10360232,RW
13,2,energy0,double,1,8,109,109,109,-2,-2,-2,2,2,2,1,1,1,10360232,RW
13,3,energy1,double,1,8,109,109,109,-2,-2,-2,2,2,2,1,1,1,10360232,RW
13,4,pressure,double,1,8,109,109,109,-2,-2,-2,2,2,2,1,1,1,10360232,RW
13,5,viscosity,double,1,8,109,109,109,-2,-2,-2,2,2,2,1,1,1,10360232,RW
13,6,soundspeed,double,1,8,109,109,109,-2,-2,-2,2,2,2,1,1,1,10360232,RW
14,0,density0,double,1,8,109,109,109,-2,-2,-2,2,2,2,1,1,1,10360232,RW
14,1,density1,double,1,8,109,109,109,-2,-2,-2,2,2,2,1,1,1,10360232,RW
14,2,energy0,double,1,8,109,109,109,-2,-2,-2,2,2,2,1,1,1,10360232,RW
14,3,energy1,double,1,8,109,109,109,-2,-2,-2,2,2,2,1,1,1,10360232,RW
14,4,pressure,double,1,8,109,109,109,-2,-2,-2,2,2,2,1,1,1,10360232,RW
14,5,viscosity,double,1,8,109,109,109,-2,-2,-2,2,2,2,1,1,1,10360232,RW
14,6,soundspeed,double,1,8,109,109,109,-2,-2,-2,2,2,2,1,1,1,10360232,RW
15,0,density0,double,1,8,109,109,109,-2,-2,-2,2,2,2,1,1,1,10360232,RW
15,1,density1,double,1,8,109,109,109,-2,-2,-2,2,2,2,1,1,1,10360232,RW
15,2,energy0,double,1,8,109,109,109,-2,-2,-2,2,2,2,1,1,1,10360232,RW
15,3,energy1,double,1,8,109,109,109,-2,-2,-2,2,2,2,1,1,1,10360232,RW
15,4,pressure,double,1,8,109,109,109,-2,-2,-2,2,2,2,1,1,1,10360232,RW
15,5,viscosity,double,1,8,109,109,109,-2,-2,-2,2,2,2,1,1,1,10360232,RW
15,6,soundspeed,double,1,8,109,109,109,-2,-2,-2,2,2,2,1,1,1,10360232,RW
16,0,density0,double,1,8,109,109,109,-2,-2,-2,2,2,2,1,1,1,10360232,RW
16,1,density1,double,1,8,109,109,109,-2,-2,-2,2,2,2,1,1,1,10360232,RW
16,2,energy0,double,1,8,109,109,109,-2,-2,-2,2,2,2,1,1,1,10360232,RW
16,3,energy1,double,1,8,109,109,109,-2,-2,-2,2,2,2,1,1,1,10360232,RW
16,4,pressure,double,1,8,109,109,109,-2,-2,-2,2,2,2,1,1,1,10360232,RW
16,5,viscosity,double,1,8,109,109,109,-2,-2,-2,2,2,2,1,1,1,10360232,RW
16,6,soundspeed,double,1,8,109,109,109,-2,-2,-2,2,2,2,1,1,1,10360232,RW
17,0,density0,double,1,8,109,109,109,-2,-2,-2,2,2,2,1,1,1,10360232,RW
17,1,density1,double,1,8,109,109,109,-2,-2,-2,2,2,2,1,1,1,10360232,RW
17,2,energy0,double,1,8,109,109,109,-2,-2,-2,2,2,2,1,1,1,10360232,RW
17,3,energy1,double,1,8,109,109,109,-2,-2,-2,2,2,2,1,1,1,10360232,RW
17,4,pressure,double,1,8,109,109,109,-2,-2,-2,2,2,2,1,1,1,10360232,RW
17,5,viscosity,double,1,8,109,109,109,-2,-2,-2,2,2,2,1,1,1,10360232,RW
17,6,soundspeed,double,1,8,109,109,109,-2,-2,-2,2,2,2,1,1,1,10360232,RW
18,0,density0,double,1,8,109,109,109,-2,-2,-2,2,2,2,1,1,1,10360232,RW
18,1,density1,double,1,8,109,109,109,-2,-2,-2,2,2,2,1,1,1,10360232,RW
18,2,energy0,double,1,8,109,109,109,-2,-2,-2,2,2,2,1,1,1,10360232,RW
18,3,energy1,double,1,8,109,109,109,-2,-2,-2,2,2,2,1,1,1,10360232,RW
18,4,pressure,double,1,8,109,109,109,-2,-2,-2,2,2,2,1,1,1,10360232,RW
18,5,viscosity,double,1,8,109,109,109,-2,-2,-2,2,2,2,1,1,1,10360232,RW
18,6,soundspeed,double,1,8,109,109,109,-2,-2,-2,2,2,2,1,1,1,10360232,RW
19,0,density0,double,1,8,109,109,109,-2,-2,-2,2,2,2,1,1,1,10360232,RW
19,1,density1,double,1,8,109,109,109,-2,-2,-2,2,2,2,1,1,1,10360232,RW
19,2,energy0,double,1,8,109,109,109,-2,-2,-2,2,2,2,1,1,1,10360232,RW
19,3,energy1,double,1,8,109,109,109,-2,-2,-2,2,2,2,1,1,1,10360232,RW
19,4,pressure,double,1,8,109,109,109,-2,-2,-2,2,2,2,1,1,1,10360232,RW
19,5,viscosity,double,1,8,109,109,109,-2,-2,-2,2,2,2,1,1,1,10360232,RW
19,6,soundspeed,double,1,8,109,109,109,-2,-2,-2,2,2,2,1,1,1,10360232,RW
20,0,density0,double,1,8,109,109,109,-2,-2,-2,2,2,2,1,1,1,10360232,RW
20,1,density1,double,1,8,109,109,109,-2,-2,-2,2,2,2,1,1,1,10360232,RW
20,2,energy0,double,1,8,109,109,109,-2,-2,-2,2,2,2,1,1,1,10360232,RW
20,3,energy1,double,1,8,109,109,109,-2,-2,-2,2,2,2,1,1,1,10360232,RW
20,4,pressure,double,1,8,109,109,109,-2,-2,-2,2,2,2,1,1,1,10360232,RW
20,5,viscosity,double,1,8,109,109,109,-2,-2,-2,2,2,2,1,1,1,10360232,RW
20,6,soundspeed,double,1,8,109,109,109,-2,-2,-2,2,2,2,1,1,1,10360232,RW
21,0,density0,double,1,8,109,109,109,-2,-2,-2,2,2,2,1,1,1,10360232,RW
21,1,density1,double,1,8,109,109,109,-2,-2,-2,2,2,2,1,1,1,10360232,RW
21,2,energy0,double,1,8,109,109,109,-2,-2,-2,2,2,2,1,1,1,10360232,RW
21,3,energy1,double,1,8,109,109,109,-2,-2,-2,2,2,2,1,1,1,10360232,RW
21,4,pressure,double,1,8,109,109,109,-2,-2,-2,2,2,2,1,1,1,10360232,RW
21,5,viscosity,double,1,8,109,109,109,-2,-2,-2,2,2,2,1,1,1,10360232,RW
21,6,soundspeed,double,1,8,109,109,109,-2,-2,-2,2,2,2,1,1,1,10360232,RW
22,0,density0,double,1,8,109,109,109,-2,-2,-2,2,2,2,1,1,1,10360232,RW
22,1,density1,double,1,8,109,109,109,-2,-2,-2,2,2,2,1,1,1,10360232,RW
22,2,energy0,double,1,8,109,109,109,-2,-2,-2,2,2,2,1,1,1,10360232,RW
22,3,energy1,double,1,8,109,109,109,-2,-2,-2,2,2,2,1,1,1,10360232,RW
22,4,pressure,double,1,8,109,109,109,-2,-2,-2,2,2,2,1,1,1,10360232,RW
22,5,viscosity,double,1,8,109,109,109,-2,-2,-2,2,2,2,1,1,1,10360232,RW
22,6,soundspeed,double,1,8,109,109,109,-2,-2,-2,2,2,2,1,1,1,10360232,RW
23,0,density0,double,1,8,109,109,109,-2,-2,-2,2,2,2,1,1,1,10360232,RW
23,1,density1,double,1,8,109,109,109,-2,-2,-2,2,2,2,1,1,1,10360232,RW
23,2,energy0,double,1,8,109,109,109,-2,-2,-2,2,2,2,1,1,1,10360232,RW
23,3,energy1,double,1,8,109,109,109,-2,-2,-2,2,2,2,1,1,1,10360232,RW
23,4,pressure,double,1,8,109,109,109,-2,-2,-2,2,2,2,1,1,1,10360232,RW
23,5,viscosity,double,1,8,109,109,109,-2,-2,-2,2,2,2,1,1,1,10360232,RW
23,6,soundspeed,double,1,8,109,109,109,-2,-2,-2,2,2,2,1,1,1,10360232,RW
24,0,density0,double,1,8,109,109,109,-2,-2,-2,2,2,2,1,1,1,10360232,RW
24,1,density1,double,1,8,109,109,109,-2,-2,-2,2,2,2,1,1,1,10360232,RW
24,2,energy0,double,1,8,109,109,109,-2,-2,-2,2,2,2,1,1,1,10360232,RW
24,3,energy1,double,1,8,109,109,109,-2,-2,-2,2,2,2,1,1,1,10360232,RW
24,4,pressure,double,1,8,109,109,109,-2,-2,-2,2,2,2,1,1,1,10360232,RW
24,5,viscosity,double,1,8,109,109,109,-2,-2,-2,2,2,2,1,1,1,10360232,RW
24,6,soundspeed,double,1,8,109,109,109,-2,-2,-2,2,2,2,1,1,1,10360232,RW
25,0,xvel0,double,1,8,110,110,110,-2,-2,-2,2,2,2,1,1,1,10648000,RW
25,1,xvel1,double,1,8,110,110,110,-2,-2,-2,2,2,2,1,1,1,10648000,RW
26,0,xvel0,double,1,8,110,110,110,-2,-2,-2,2,2,2,1,1,1,10648000,RW
26,1,xvel1,double,1,8,110,110,110,-2,-2,-2,2,2,2,1,1,1,10648000,RW
27,0,xvel0,double,1,8,110,110,110,-2,-2,-2,2,2,2,1,1,1,10648000,RW
27,1,xvel1,double,1,8,110,110,110,-2,-2,-2,2,2,2,1,1,1,10648000,RW
28,0,xvel0,double,1,8,110,110,110,-2,-2,-2,2,2,2,1,1,1,10648000,RW
28,1,xvel1,double,1,8,110,110,110,-2,-2,-2,2,2,2,1,1,1,10648000,RW
29,0,xvel0,double,1,8,110,110,110,-2,-2,-2,2,2,2,1,1,1,10648000,RW
29,1,xvel1,double,1,8,110,110,110,-2,-2,-2,2,2,2,1,1,1,10648000,RW
30,0,xvel0,double,1,8,110,110,110,-2,-2,-2,2,2,2,1,1,1,10648000,RW
30,1,xvel1,double,1,8,110,110,110,-2,-2,-2,2,2,2,1,1,1,10648000,RW
31,0,xvel0,double,1,8,110,110,110,-2,-2,-2,2,2,2,1,1,1,10648000,RW
31,1,xvel1,double,1,8,110,110,110,-2,-2,-2,2,2,2,1,1,1,10648000,RW
32,0,xvel0,double,1,8,110,110,110,-2,-2,-2,2,2,2,1,1,1,10648000,RW
32,1,xvel1,double,1,8,110,110,110,-2,-2,-2,2,2,2,1,1,1,10648000,RW
33,0,xvel0,double,1,8,110,110,110,-2,-2,-2,2,2,2,1,1,1,10648000,RW
33,1,xvel1,double,1,8,110,110,110,-2,-2,-2,2,2,2,1,1,1,10648000,RW
34,0,xvel0,double,1,8,110,110,110,-2,-2,-2,2,2,2,1,1,1,10648000,RW
34,1,xvel1,double,1,8,110,110,110,-2,-2,-2,2,2,2,1,1,1,10648000,RW
35,0,xvel0,double,1,8,110,110,110,-2,-2,-2,2,2,2,1,1,1,10648000,RW
35,1,xvel1,double,1,8,110,110,110,-2,-2,-2,2,2,2,1,1,1,10648000,RW
36,0,xvel0,double,1,8,110,110,110,-2,-2,-2,2,2,2,1,1,1,10648000,RW
36,1,xvel1,double,1,8,110,110,110,-2,-2,-2,2,2,2,1,1,1,10648000,RW
37,0,yvel0,double,1,8,110,110,110,-2,-2,-2,2,2,2,1,1,1,10648000,RW
37,1,yvel1,double,1,8,110,110,110,-2,-2,-2,2,2,2,1,1,1,10648000,RW
38,0,yvel0,double,1,8,110,110,110,-2,-2,-2,2,2,2,1,1,1,10648000,RW
38,1,yvel1,double,1,8,110,110,110,-2,-2,-2,2,2,2,1,1,1,10648000,RW
39,0,yvel0,double,1,8,110,110,110,-2,-2,-2,2,2,2,1,1,1,10648000,RW
39,1,yvel1,double,1,8,110,110,110,-2,-2,-2,2,2,2,1,1,1,10648000,RW
40,0,yvel0,double,1,8,110,110,110,-2,-2,-2,2,2,2,1,1,1,10648000,RW
40,1,yvel1,double,1,8,110,110,110,-2,-2,-2,2,2,2,1,1,1,10648000,RW
41,0,yvel0,double,1,8,110,110,110,-2,-2,-2,2,2,2,1,1,1,10648000,RW
41,1,yvel1,double,1,8,110,110,110,-2,-2,-2,2,2,2,1,1,1,10648000,RW
42,0,yvel0,double,1,8,110,110,110,-2,-2,-2,2,2,2,1,1,1,10648000,RW
42,1,yvel1,double,1,8,110,110,110,-2,-2,-2,2,2,2,1,1,1,10648000,RW
43,0,yvel0,double,1,8,110,110,110,-2,-2,-2,2,2,2,1,1,1,10648000,RW
43,1,yvel1,double,1,8,110,110,110,-2,-2,-2,2,2,2,1,1,1,10648000,RW
44,0,yvel0,double,1,8,110,110,110,-2,-2,-2,2,2,2,1,1,1,10648000,RW
44,1,yvel1,double,1,8,110,110,110,-2,-2,-2,2,2,2,1,1,1,10648000,RW
45,0,yvel0,double,1,8,110,110,110,-2,-2,-2,2,2,2,1,1,1,10648000,RW
45,1,yvel1,double,1,8,110,110,110,-2,-2,-2,2,2,2,1,1,1,10648000,RW
46,0,yvel0,double,1,8,110,110,110,-2,-2,-2,2,2,2,1,1,1,10648000,RW
46,1,yvel1,double,1,8,110,110,110,-2,-2,-2,2,2,2,1,1,1,10648000,RW
47,0,yvel0,double,1,8,110,110,110,-2,-2,-2,2,2,2,1,1,1,10648000,RW
47,1,yvel1,double,1,8,110,110,110,-2,-2,-2,2,2,2,1,1,1,10648000,RW
48,0,yvel0,double,1,8,110,110,110,-2,-2,-2,2,2,2,1,1,1,10648000,RW
48,1,yvel1,double,1,8,110,110,110,-2,-2,-2,2,2,2,1,1,1,10648000,RW
49,0,zvel0,double,1,8,110,110,110,-2,-2,-2,2,2,2,1,1,1,10648000,RW
49,1,zvel1,double,1,8,110,110,110,-2,-2,-2,2,2,2,1,1,1,10648000,RW
50,0,zvel0,double,1,8,110,110,110,-2,-2,-2,2,2,2,1,1,1,10648000,RW
50,1,zvel1,double,1,8,110,110,110,-2,-2,-2,2,2,2,1,1,1,10648000,RW
51,0,zvel0,double,1,8,110,110,110,-2,-2,-2,2,2,2,1,1,1,10648000,RW
51,1,zvel1,double,1,8,110,110,110,-2,-2,-2,2,2,2,1,1,1,10648000,RW
52,0,zvel0,double,1,8,110,110,110,-2,-2,-2,2,2,2,1,1,1,10648000,RW
52,1,zvel1,double,1,8,110,110,110,-2,-2,-2,2,2,2,1,1,1,10648000,RW
53,0,zvel0,double,1,8,110,110,110,-2,-2,-2,2,2,2,1,1,1,10648000,RW
53,1,zvel1,double,1,8,110,110,110,-2,-2,-2,2,2,2,1,1,1,10648000,RW
54,0,zvel0,double,1,8,110,110,110,-2,-2,-2,2,2,2,1,1,1,10648000,RW
54,1,zvel1,double,1,8,110,110,110,-2,-2,-2,2,2,2,1,1,1,10648000,RW
55,0,zvel0,double,1,8,110,110,110,-2,-2,-2,2,2,2,1,1,1,10648000,RW
55,1,zvel1,double,1,8,110,110,110,-2,-2,-2,2,2,2,1,1,1,10648000,RW
56,0,zvel0,double,1,8,110,110,110,-2,-2,-2,2,2,2,1,1,1,10648000,RW
56,1,zvel1,double,1,8,110,110,110,-2,-2,-2,2,2,2,1,1,1,10648000,RW
57,0,zvel0,double,1,8,110,110,110,-2,-2,-2,2,2,2,1,1,1,10648000,RW
57,1,zvel1,double,1,8,110,110,110,-2,-2,-2,2,2,2,1,1,1,10648000,RW
58,0,zvel0,double,1,8,110,110,110,-2,-2,-2,2,2,2,1,1,1,10648000,RW
58,1,zvel1,double,1,8,110,110,110,-2,-2,-2,2,2,2,1,1,1,10648000,RW
59,0,zvel0,double,1,8,110,110,110,-2,-2,-2,2,2,2,1,1,1,10648000,RW
59,1,zvel1,double,1,8,110,110,110,-2,-2,-2,2,2,2,1,1,1,10648000,RW
60,0,zvel0,double,1,8,110,110,110,-2,-2,-2,2,2,2,1,1,1,10648000,RW
60,1,zvel1,double,1,8,110,110,110,-2,-2,-2,2,2,2,1,1,1,10648000,RW
61,0,vol_flux_x,double,1,8,109,109,109,-2,-2,-2,2,2,2,1,1,1,10360232,RW
61,1,mass_flux_x,double,1,8,109,109,109,-2,-2,-2,2,2,2,1,1,1,10360232,RW
62,0,vol_flux_x,double,1,8,109,109,109,-2,-2,-2,2,2,2,1,1,1,10360232,RW
62,1,mass_flux_x,double,1,8,109,109,109,-2,-2,-2,2,2,2,1,1,1,10360232,RW
63,0,vol_flux_x,double,1,8,109,109,109,-2,-2,-2,2,2,2,1,1,1,10360232,RW
63,1,mass_flux_x,double,1,8,109,109,109,-2,-2,-2,2,2,2,1,1,1,10360232,RW
64,0,vol_flux_x,double,1,8,109,109,109,-2,-2,-2,2,2,2,1,1,1,10360232,RW
64,1,mass_flux_x,double,1,8,109,109,109,-2,-2,-2,2,2,2,1,1,1,10360232,RW
65,0,vol_flux_x,double,1,8,109,109,109,-2,-2,-2,2,2,2,1,1,1,10360232,RW
65,1,mass_flux_x,double,1,8,109,109,109,-2,-2,-2,2,2,2,1,1,1,10360232,RW
66,0,vol_flux_x,double,1,8,109,109,109,-2,-2,-2,2,2,2,1,1,1,10360232,RW
66,1,mass_flux_x,double,1,8,109,109,109,-2,-2,-2,2,2,2,1,1,1,10360232,RW
67,0,vol_flux_x,double,1,8,109,109,109,-2,-2,-2,2,2,2,1,1,1,10360232,RW
67,1,mass_flux_x,double,1,8,109,109,109,-2,-2,-2,2,2,2,1,1,1,10360232,RW
68,0,vol_flux_x,double,1,8,109,109,109,-2,-2,-2,2,2,2,1,1,1,10360232,RW
68,1,mass_flux_x,double,1,8,109,109,109,-2,-2,-2,2,2,2,1,1,1,10360232,RW
69,0,vol_flux_x,double,1,8,109,109,109,-2,-2,-2,2,2,2,1,1,1,10360232,RW
69,1,mass_flux_x,double,1,8,109,109,109,-2,-2,-2,2,2,2,1,1,1,10360232,RW
70,0,vol_flux_x,double,1,8,109,109,109,-2,-2,-2,2,2,2,1,1,1,10360232,RW
70,1,mass_flux_x,double,1,8,109,109,109,-2,-2,-2,2,2,2,1,1,1,10360232,RW
71,0,vol_flux_x,double,1,8,109,109,109,-2,-2,-2,2,2,2,1,1,1,10360232,RW
71,1,mass_flux_x,double,1,8,109,109,109,-2,-2,-2,2,2,2,1,1,1,10360232,RW
72,0,vol_flux_x,double,1,8,109,109,109,-2,-2,-2,2,2,2,1,1,1,10360232,RW
72,1,mass_flux_x,double,1,8,109,109,109,-2,-2,-2,2,2,2,1,1,1,10360232,RW
73,0,vol_flux_y,double,1,8,109,109,109,-2,-2,-2,2,2,2,1,1,1,10360232,RW
73,1,mass_flux_y,double,1,8,109,109,109,-2,-2,-2,2,2,2,1,1,1,10360232,RW
74,0,vol_flux_y,double,1,8,109,109,109,-2,-2,-2,2,2,2,1,1,1,10360232,RW
74,1,mass_flux_y,double,1,8,109,109,109,-2,-2,-2,2,2,2,1,1,1,10360232,RW
75,0,vol_flux_y,double,1,8,109,109,109,-2,-2,-2,2,2,2,1,1,1,10360232,RW
75,1,mass_flux_y,double,1,8,109,109,109,-2,-2,-2,2,2,2,1,1,1,10360232,RW
76,0,vol_flux_y,double,1,8,109,109,109,-2,-2,-2,2,2,2,1,1,1,10360232,RW
76,1,mass_flux_y,double,1,8,109,109,109,-2,-2,-2,2,2,2,1,1,1,10360232,RW
77,0,vol_flux_y,double,1,8,109,109,109,-2,-2,-2,2,2,2,1,1,1,10360232,RW
77,1,mass_flux_y,double,1,8,109,109,109,-2,-2,-2,2,2,2,1,1,1,10360232,RW
78,0,vol_flux_y,double,1,8,109,109,109,-2,-2,-2,2,2,2,1,1,1,10360232,RW
78,1,mass_flux_y,double,1,8,109,109,109,-2,-2,-2,2,2,2,1,1,1,10360232,RW
79,0,vol_flux_y,double,1,8,109,109,109,-2,-2,-2,2,2,2,1,1,1,10360232,RW
79,1,mass_flux_y,double,1,8,109,109,109,-2,-2,-2,2,2,2,1,1,1,10360232,RW
80,0,vol_flux_y,double,1,8,109,109,109,-2,-2,-2,2,2,2,1,1,1,10360232,RW
80,1,mass_flux_y,double,1,8,109,109,109,-2,-2,-2,2,2,2,1,1,1,10360232,RW
81,0,vol_flux_y,double,1,8,109,109,109,-2,-2,-2,2,2,2,1,1,1,10360232,RW
81,1,mass_flux_y,double,1,8,109,109,109,-2,-2,-2,2,2,2,1,1,1,10360232,RW
82,0,vol_flux_y,double,1,8,109,109,109,-2,-2,-2,2,2,2,1,1,1,10360232,RW
82,1,mass_flux_y,double,1,8,109,109,109,-2,-2,-2,2,2,2,1,1,1,10360232,RW
83,0,vol_flux_y,double,1,8,109,109,109,-2,-2,-2,2,2,2,1,1,1,10360232,RW
83,1,mass_flux_y,double,1,8,109,109,109,-2,-2,-2,2,2,2,1,1,1,10360232,RW
84,0,vol_flux_y,double,1,8,109,109,109,-2,-2,-2,2,2,2,1,1,1,10360232,RW
84,1,mass_flux_y,double,1,8,109,109,109,-2,-2,-2,2,2,2,1,1,1,10360232,RW
85,0,vol_flux_z,double,1,8,109,109,109,-2,-2,-2,2,2,2,1,1,1,10360232,RW
85,1,mass_flux_z,double,1,8,109,109,109,-2,-2,-2,2,2,2,1,1,1,10360232,RW
86,0,vol_flux_z,double,1,8,109,109,109,-2,-2,-2,2,2,2,1,1,1,10360232,RW
86,1,mass_flux_z,double,1,8,109,109,109,-2,-2,-2,2,2,2,1,1,1,10360232,RW
87,0,vol_flux_z,double,1,8,109,109,109,-2,-2,-2,2,2,2,1,1,1,10360232,RW
87,1,mass_flux_z,double,1,8,109,109,109,-2,-2,-2,2,2,2,1,1,1,10360232,RW
88,0,vol_flux_z,double,1,8,109,109,109,-2,-2,-2,2,2,2,1,1,1,10360232,RW
88,1,mass_flux_z,double,1,8,109,109,109,-2,-2,-2,2,2,2,1,1,1,10360232,RW
89,0,vol_flux_z,double,1,8,109,109,109,-2,-2,-2,2,2,2,1,1,1,10360232,RW
89,1,mass_flux_z,double,1,8,109,109,109,-2,-2,-2,2,2,2,1,1,1,10360232,RW
90,0,vol_flux_z,double,1,8,109,109,109,-2,-2,-2,2,2,2,1,1,1,10360232,RW
90,1,mass_flux_z,double,1,8,109,109,109,-2,-2,-2,2,2,2,1,1,1,10360232,RW
91,0,vol_flux_z,double,1,8,109,109,109,-2,-2,-2,2,2,2,1,1,1,10360232,RW
91,1,mass_flux_z,double,1,8,109,109,109,-2,-2,-2,2,2,2,1,1,1,10360232,RW
92,0,vol_flux_z,double,1,8,109,109,109,-2,-2,-2,2,2,2,1,1,1,10360232,RW
92,1,mass_flux_z,double,1,8,109,109,109,-2,-2,-2,2,2,2,1,1,1,10360232,RW
93,0,vol_flux_z,double,1,8,109,109,109,-2,-2,-2,2,2,2,1,1,1,10360232,RW
93,1,mass_flux_z,double,1,8,109,109,109,-2,-2,-2,2,2,2,1,1,1,10360232,RW
94,0,vol_flux_z,double,1,8,109,109,109,-2,-2,-2,2,2,2,1,1,1,10360232,RW
94,1,mass_flux_z,double,1,8,109,109,109,-2,-2,-2,2,2,2,1,1,1,10360232,RW
95,0,vol_flux_z,double,1,8,109,109,109,-2,-2,-2,2,2,2,1,1,1,10360232,RW
95,1,mass_flux_z,double,1,8,109,109,109,-2,-2,-2,2,2,2,1,1,1,10360232,RW
96,0,vol_flux_z,double,1,8,109,109,109,-2,-2,-2,2,2,2,1,1,1,10360232,RW
96,1,mass_flux_z,double,1,8,109,109,109,-2,-2,-2,2,2,2,1,1,1,10360232,RW
97,0,volume,double,1,8,109,109,109,-2,-2,-2,2,2,2,1,1,1,10360232,READ
97,1,density0,double,1,8,109,109,109,-2,-2,-2,2,2,2,1,1,1,10360232,READ
97,2,energy0,double,1,8,109,109,109,-2,-2,-2,2,2,2,1,1,1,10360232,READ
97,3,pressure,double,1,8,109,109,109,-2,-2,-2,2,2,2,1,1,1,10360232,READ
97,4,xvel0,double,1,8,110,110,110,-2,-2,-2,2,2,2,1,1,1,10648000,READ
97,5,yvel0,double,1,8,110,110,110,-2,-2,-2,2,2,2,1,1,1,10648000,READ
97,6,zvel0,double,1,8,110,110,110,-2,-2,-2,2,2,2,1,1,1,10648000,READ
98,0,xvel0,double,1,8,110,110,110,-2,-2,-2,2,2,2,1,1,1,10648000,READ
98,1,yvel0,double,1,8,110,110,110,-2,-2,-2,2,2,2,1,1,1,10648000,READ
98,2,celldx,double,1,8,109,1,1,-2,0,0,2,0,0,1,1,1,872,READ
98,3,celldy,double,1,8,1,109,1,0,-2,0,0,2,0,1,1,1,872,READ
98,4,pressure,double,1,8,109,109,109,-2,-2,-2,2,2,2,1,1,1,10360232,READ
98,5,density0,double,1,8,109,109,109,-2,-2,-2,2,2,2,1,1,1,10360232,READ
98,6,viscosity,double,1,8,109,109,109,-2,-2,-2,2,2,2,1,1,1,10360232,WRITE
98,7,zvel0,double,1,8,110,110,110,-2,-2,-2,2,2,2,1,1,1,10648000,READ
98,8,celldz,double,1,8,1,1,109,0,0,-2,0,0,2,1,1,1,872,READ
98,9,xarea,double,1,8,109,109,109,-2,-2,-2,2,2,2,1,1,1,10360232,READ
98,10,yarea,double,1,8,109,109,109,-2,-2,-2,2,2,2,1,1,1,10360232,READ
98,11,zarea,double,1,8,109,109,109,-2,-2,-2,2,2,2,1,1,1,10360232,READ
99,0,celldx,double,1,8,109,1,1,-2,0,0,2,0,0,1,1,1,872,READ
99,1,celldy,double,1,8,1,109,1,0,-2,0,0,2,0,1,1,1,872,READ
99,2,soundspeed,double,1,8,109,109,109,-2,-2,-2,2,2,2,1,1,1,10360232,READ
99,3,viscosity,double,1,8,109,109,109,-2,-2,-2,2,2,2,1,1,1,10360232,READ
99,4,density0,double,1,8,109,109,109,-2,-2,-2,2,2,2,1,1,1,10360232,READ
99,5,xvel0,double,1,8,110,110,110,-2,-2,-2,2,2,2,1,1,1,10648000,READ
99,6,xarea,double,1,8,109,109,109,-2,-2,-2,2,2,2,1,1,1,10360232,READ
99,7,volume,double,1,8,109,109,109,-2,-2,-2,2,2,2,1,1,1,10360232,READ
99,8,yvel0,double,1,8,110,110,110,-2,-2,-2,2,2,2,1,1,1,10648000,READ
99,9,yarea,double,1,8,109,109,109,-2,-2,-2,2,2,2,1,1,1,10360232,READ
99,10,work_array1,double,1,8,110,110,110,-2,-2,-2,2,2,2,1,1,1,10648000,WRITE
99,11,celldz,double,1,8,1,1,109,0,0,-2,0,0,2,1,1,1,872,READ
99,12,zvel0,double,1,8,110,110,110,-2,-2,-2,2,2,2,1,1,1,10648000,READ
99,13,zarea,double,1,8,109,109,109,-2,-2,-2,2,2,2,1,1,1,10360232,READ
100,0,work_array1,double,1,8,110,110,110,-2,-2,-2,2,2,2,1,1,1,10648000,READ
101,0,cellx,double,1,8,109,1,1,-2,0,0,2,0,0,1,1,1,872,READ
101,1,celly,double,1,8,1,109,1,0,-2,0,0,2,0,1,1,1,872,READ
101,4,cellz,double,1,8,1,1,109,0,0,-2,0,0,2,1,1,1,872,READ
103,0,xarea,double,1,8,109,109,109,-2,-2,-2,2,2,2,1,1,1,10360232,READ
103,1,xvel0,double,1,8,110,110,110,-2,-2,-2,2,2,2,1,1,1,10648000,READ
103,2,yarea,double,1,8,109,109,109,-2,-2,-2,2,2,2,1,1,1,10360232,READ
103,3,yvel0,double,1,8,110,110,110,-2,-2,-2,2,2,2,1,1,1,10648000,READ
103,4,work_array1,double,1,8,110,110,110,-2,-2,-2,2,2,2,1,1,1,10648000,WRITE
103,5,volume,double,1,8,109,109,109,-2,-2,-2,2,2,2,1,1,1,10360232,READ
103,6,pressure,double,1,8,109,109,109,-2,-2,-2,2,2,2,1,1,1,10360232,READ
103,7,density0,double,1,8,109,109,109,-2,-2,-2,2,2,2,1,1,1,10360232,READ
103,8,density1,double,1,8,109,109,109,-2,-2,-2,2,2,2,1,1,1,10360232,WRITE
103,9,viscosity,double,1,8,109,109,109,-2,-2,-2,2,2,2,1,1,1,10360232,READ
103,10,energy0,double,1,8,109,109,109,-2,-2,-2,2,2,2,1,1,1,10360232,READ
103,11,energy1,double,1,8,109,109,109,-2,-2,-2,2,2,2,1,1,1,10360232,WRITE
103,12,zarea,double,1,8,109,109,109,-2,-2,-2,2,2,2,1,1,1,10360232,READ
103,13,zvel0,double,1,8,110,110,110,-2,-2,-2,2,2,2,1,1,1,10648000,READ
105,0,density0,double,1,8,109,109,109,-2,-2,-2,2,2,2,1,1,1,10360232,READ
105,1,density1,double,1,8,109,109,109,-2,-2,-2,2,2,2,1,1,1,10360232,WRITE
105,2,energy0,double,1,8,109,109,109,-2,-2,-2,2,2,2,1,1,1,10360232,READ
105,3,energy1,double,1,8,109,109,109,-2,-2,-2,2,2,2,1,1,1,10360232,WRITE
106,0,density0,double,1,8,109,109,109,-2,-2,-2,2,2,2,1,1,1,10360232,READ
106,1,volume,double,1,8,109,109,109,-2,-2,-2,2,2,2,1,1,1,10360232,READ
106,2,work_array1,double,1,8,110,110,110,-2,-2,-2,2,2,2,1,1,1,10648000,WRITE
106,3,xvel0,double,1,8,110,110,110,-2,-2,-2,2,2,2,1,1,1,10648000,READ
106,4,xvel1,double,1,8,110,110,110,-2,-2,-2,2,2,2,1,1,1,10648000,INC
106,5,xarea,double,1,8,109,109,109,-2,-2,-2,2,2,2,1,1,1,10360232,READ
106,6,pressure,double,1,8,109,109,109,-2,-2,-2,2,2,2,1,1,1,10360232,READ
106,7,yvel0,double,1,8,110,110,110,-2,-2,-2,2,2,2,1,1,1,10648000,READ
106,8,yvel1,double,1,8,110,110,110,-2,-2,-2,2,2,2,1,1,1,10648000,INC
106,9,yarea,double,1,8,109,109,109,-2,-2,-2,2,2,2,1,1,1,10360232,READ
106,10,viscosity,double,1,8,109,109,109,-2,-2,-2,2,2,2,1,1,1,10360232,READ
106,11,zvel0,double,1,8,110,110,110,-2,-2,-2,2,2,2,1,1,1,10648000,READ
106,12,zvel1,double,1,8,110,110,110,-2,-2,-2,2,2,2,1,1,1,10648000,INC
106,13,zarea,double,1,8,109,109,109,-2,-2,-2,2,2,2,1,1,1,10360232,READ
104,0,xarea,double,1,8,109,109,109,-2,-2,-2,2,2,2,1,1,1,10360232,READ
104,1,xvel0,double,1,8,110,110,110,-2,-2,-2,2,2,2,1,1,1,10648000,READ
104,2,xvel1,double,1,8,110,110,110,-2,-2,-2,2,2,2,1,1,1,10648000,READ
104,3,yarea,double,1,8,109,109,109,-2,-2,-2,2,2,2,1,1,1,10360232,READ
104,4,yvel0,double,1,8,110,110,110,-2,-2,-2,2,2,2,1,1,1,10648000,READ
104,5,yvel1,double,1,8,110,110,110,-2,-2,-2,2,2,2,1,1,1,10648000,READ
104,6,work_array1,double,1,8,110,110,110,-2,-2,-2,2,2,2,1,1,1,10648000,WRITE
104,7,volume,double,1,8,109,109,109,-2,-2,-2,2,2,2,1,1,1,10360232,READ
104,8,pressure,double,1,8,109,109,109,-2,-2,-2,2,2,2,1,1,1,10360232,READ
104,9,density0,double,1,8,109,109,109,-2,-2,-2,2,2,2,1,1,1,10360232,READ
104,10,density1,double,1,8,109,109,109,-2,-2,-2,2,2,2,1,1,1,10360232,WRITE
104,11,viscosity,double,1,8,109,109,109,-2,-2,-2,2,2,2,1,1,1,10360232,READ
104,12,energy0,double,1,8,109,109,109,-2,-2,-2,2,2,2,1,1,1,10360232,READ
104,13,energy1,double,1,8,109,109,109,-2,-2,-2,2,2,2,1,1,1,10360232,WRITE
104,14,zarea,double,1,8,109,109,109,-2,-2,-2,2,2,2,1,1,1,10360232,READ
104,15,zvel0,double,1,8,110,110,110,-2,-2,-2,2,2,2,1,1,1,10648000,READ
104,16,zvel1,double,1,8,110,110,110,-2,-2,-2,2,2,2,1,1,1,10648000,READ
107,0,vol_flux_x,double,1,8,109,109,109,-2,-2,-2,2,2,2,1,1,1,10360232,WRITE
107,1,xarea,double,1,8,109,109,109,-2,-2,-2,2,2,2,1,1,1,10360232,READ
107,2,xvel0,double,1,8,110,110,110,-2,-2,-2,2,2,2,1,1,1,10648000,READ
107,3,xvel1,double,1,8,110,110,110,-2,-2,-2,2,2,2,1,1,1,10648000,READ
108,0,vol_flux_y,double,1,8,109,109,109,-2,-2,-2,2,2,2,1,1,1,10360232,WRITE
108,1,yarea,double,1,8,109,109,109,-2,-2,-2,2,2,2,1,1,1,10360232,READ
108,2,yvel0,double,1,8,110,110,110,-2,-2,-2,2,2,2,1,1,1,10648000,READ
108,3,yvel1,double,1,8,110,110,110,-2,-2,-2,2,2,2,1,1,1,10648000,READ
109,0,vol_flux_z,double,1,8,109,109,109,-2,-2,-2,2,2,2,1,1,1,10360232,WRITE
109,1,zarea,double,1,8,109,109,109,-2,-2,-2,2,2,2,1,1,1,10360232,READ
109,2,zvel0,double,1,8,110,110,110,-2,-2,-2,2,2,2,1,1,1,10648000,READ
109,3,zvel1,double,1,8,110,110,110,-2,-2,-2,2,2,2,1,1,1,10648000,READ
110,0,work_array1,double,1,8,110,110,110,-2,-2,-2,2,2,2,1,1,1,10648000,WRITE
110,1,work_array2,double,1,8,110,110,110,-2,-2,-2,2,2,2,1,1,1,10648000,WRITE
110,2,volume,double,1,8,109,109,109,-2,-2,-2,2,2,2,1,1,1,10360232,READ
110,3,vol_flux_x,double,1,8,109,109,109,-2,-2,-2,2,2,2,1,1,1,10360232,READ
110,4,vol_flux_y,double,1,8,109,109,109,-2,-2,-2,2,2,2,1,1,1,10360232,READ
110,5,vol_flux_z,double,1,8,109,109,109,-2,-2,-2,2,2,2,1,1,1,10360232,READ
112,0,vol_flux_x,double,1,8,109,109,109,-2,-2,-2,2,2,2,1,1,1,10360232,READ
112,1,work_array1,double,1,8,110,110,110,-2,-2,-2,2,2,2,1,1,1,10648000,READ
112,2,xx,int,1,4,110,1,1,-2,0,0,2,0,0,1,1,1,440,READ
112,3,vertexdx,double,1,8,110,1,1,-2,0,0,2,0,0,1,1,1,880,READ
112,4,density1,double,1,8,109,109,109,-2,-2,-2,2,2,2,1,1,1,10360232,READ
112,5,energy1,double,1,8,109,109,109,-2,-2,-2,2,2,2,1,1,1,10360232,READ
112,6,mass_flux_x,double,1,8,109,109,109,-2,-2,-2,2,2,2,1,1,1,10360232,WRITE
112,7,work_array7,double,1,8,110,110,110,-2,-2,-2,2,2,2,1,1,1,10648000,WRITE
113,0,density1,double,1,8,109,109,109,-2,-2,-2,2,2,2,1,1,1,10360232,RW
113,1,energy1,double,1,8,109,109,109,-2,-2,-2,2,2,2,1,1,1,10360232,RW
113,2,mass_flux_x,double,1,8,109,109,109,-2,-2,-2,2,2,2,1,1,1,10360232,READ
113,3,vol_flux_x,double,1,8,109,109,109,-2,-2,-2,2,2,2,1,1,1,10360232,READ
113,4,work_array1,double,1,8,110,110,110,-2,-2,-2,2,2,2,1,1,1,10648000,READ
113,5,work_array2,double,1,8,110,110,110,-2,-2,-2,2,2,2,1,1,1,10648000,READ
113,6,work_array3,double,1,8,110,110,110,-2,-2,-2,2,2,2,1,1,1,10648000,WRITE
113,7,work_array4,double,1,8,110,110,110,-2,-2,-2,2,2,2,1,1,1,10648000,WRITE
113,8,work_array5,double,1,8,110,110,110,-2,-2,-2,2,2,2,1,1,1,10648000,WRITE
113,9,work_array6,double,1,8,110,110,110,-2,-2,-2,2,2,2,1,1,1,10648000,WRITE
113,10,work_array7,double,1,8,110,110,110,-2,-2,-2,2,2,2,1,1,1,10648000,READ
122,0,work_array6,double,1,8,110,110,110,-2,-2,-2,2,2,2,1,1,1,10648000,WRITE
122,1,work_array7,double,1,8,110,110,110,-2,-2,-2,2,2,2,1,1,1,10648000,WRITE
122,2,volume,double,1,8,109,109,109,-2,-2,-2,2,2,2,1,1,1,10360232,READ
122,3,vol_flux_x,double,1,8,109,109,109,-2,-2,-2,2,2,2,1,1,1,10360232,READ
122,4,vol_flux_y,double,1,8,109,109,109,-2,-2,-2,2,2,2,1,1,1,10360232,READ
122,5,vol_flux_z,double,1,8,109,109,109,-2,-2,-2,2,2,2,1,1,1,10360232,READ
128,0,work_array1,double,1,8,110,110,110,-2,-2,-2,2,2,2,1,1,1,10648000,WRITE
128,1,mass_flux_x,double,1,8,109,109,109,-2,-2,-2,2,2,2,1,1,1,10360232,READ
129,0,work_array2,double,1,8,110,110,110,-2,-2,-2,2,2,2,1,1,1,10648000,WRITE
129,1,work_array7,double,1,8,110,110,110,-2,-2,-2,2,2,2,1,1,1,10648000,READ
129,2,density1,double,1,8,109,109,109,-2,-2,-2,2,2,2,1,1,1,10360232,READ
129,3,work_array3,double,1,8,110,110,110,-2,-2,-2,2,2,2,1,1,1,10648000,WRITE
129,4,work_array1,double,1,8,110,110,110,-2,-2,-2,2,2,2,1,1,1,10648000,READ
130,0,work_array1,double,1,8,110,110,110,-2,-2,-2,2,2,2,1,1,1,10648000,READ
130,1,work_array3,double,1,8,110,110,110,-2,-2,-2,2,2,2,1,1,1,10648000,READ
130,2,work_array5,double,1,8,110,110,110,-2,-2,-2,2,2,2,1,1,1,10648000,WRITE
130,3,celldx,double,1,8,109,1,1,-2,0,0,2,0,0,1,1,1,872,READ
130,4,xvel1,double,1,8,110,110,110,-2,-2,-2,2,2,2,1,1,1,10648000,READ
131,0,xvel1,double,1,8,110,110,110,-2,-2,-2,2,2,2,1,1,1,10648000,RW
131,1,work_array2,double,1,8,110,110,110,-2,-2,-2,2,2,2,1,1,1,10648000,READ
131,2,work_array3,double,1,8,110,110,110,-2,-2,-2,2,2,2,1,1,1,10648000,READ
131,3,work_array5,double,1,8,110,110,110,-2,-2,-2,2,2,2,1,1,1,10648000,READ
114,0,work_array1,double,1,8,110,110,110,-2,-2,-2,2,2,2,1,1,1,10648000,WRITE
114,1,work_array2,double,1,8,110,110,110,-2,-2,-2,2,2,2,1,1,1,10648000,WRITE
114,2,volume,double,1,8,109,109,109,-2,-2,-2,2,2,2,1,1,1,10360232,READ
114,3,vol_flux_z,double,1,8,109,109,109,-2,-2,-2,2,2,2,1,1,1,10360232,READ
114,4,vol_flux_y,double,1,8,109,109,109,-2,-2,-2,2,2,2,1,1,1,10360232,READ
116,0,vol_flux_y,double,1,8,109,109,109,-2,-2,-2,2,2,2,1,1,1,10360232,READ
116,1,work_array1,double,1,8,110,110,110,-2,-2,-2,2,2,2,1,1,1,10648000,READ
116,2,yy,int,1,4,1,110,1,0,-2,0,0,2,0,1,1,1,440,READ
116,3,vertexdy,double,1,8,1,110,1,0,-2,0,0,2,0,1,1,1,880,READ
116,4,density1,double,1,8,109,109,109,-2,-2,-2,2,2,2,1,1,1,10360232,READ
116,5,energy1,double,1,8,109,109,109,-2,-2,-2,2,2,2,1,1,1,10360232,READ
116,6,mass_flux_y,double,1,8,109,109,109,-2,-2,-2,2,2,2,1,1,1,10360232,WRITE
116,7,work_array7,double,1,8,110,110,110,-2,-2,-2,2,2,2,1,1,1,10648000,WRITE
117,0,density1,double,1,8,109,109,109,-2,-2,-2,2,2,2,1,1,1,10360232,RW
117,1,energy1,double,1,8,109,109,109,-2,-2,-2,2,2,2,1,1,1,10360232,RW
117,2,mass_flux_y,double,1,8,109,109,109,-2,-2,-2,2,2,2,1,1,1,10360232,READ
117,3,vol_flux_y,double,1,8,109,109,109,-2,-2,-2,2,2,2,1,1,1,10360232,READ
117,4,work_array1,double,1,8,110,110,110,-2,-2,-2,2,2,2,1,1,1,10648000,READ
117,5,work_array2,double,1,8,110,110,110,-2,-2,-2,2,2,2,1,1,1,10648000,READ
117,6,work_array3,double,1,8,110,110,110,-2,-2,-2,2,2,2,1,1,1,10648000,WRITE
117,7,work_array4,double,1,8,110,110,110,-2,-2,-2,2,2,2,1,1,1,10648000,WRITE
117,8,work_array5,double,1,8,110,110,110,-2,-2,-2,2,2,2,1,1,1,10648000,WRITE
117,9,work_array6,double,1,8,110,110,110,-2,-2,-2,2,2,2,1,1,1,10648000,WRITE
117,10,work_array7,double,1,8,110,110,110,-2,-2,-2,2,2,2,1,1,1,10648000,READ
124,0,work_array6,double,1,8,110,110,110,-2,-2,-2,2,2,2,1,1,1,10648000,WRITE
124,1,work_array7,double,1,8,110,110,110,-2,-2,-2,2,2,2,1,1,1,10648000,WRITE
124,2,volume,double,1,8,109,109,109,-2,-2,-2,2,2,2,1,1,1,10360232,READ
124,3,vol_flux_y,double,1,8,109,109,109,-2,-2,-2,2,2,2,1,1,1,10360232,READ
124,4,vol_flux_z,double,1,8,109,109,109,-2,-2,-2,2,2,2,1,1,1,10360232,READ
132,0,work_array1,double,1,8,110,110,110,-2,-2,-2,2,2,2,1,1,1,10648000,WRITE
132,1,mass_flux_y,double,1,8,109,109,109,-2,-2,-2,2,2,2,1,1,1,10360232,READ
133,0,work_array2,double,1,8,110,110,110,-2,-2,-2,2,2,2,1,1,1,10648000,WRITE
133,1,work_array7,double,1,8,110,110,110,-2,-2,-2,2,2,2,1,1,1,10648000,READ
133,2,density1,double,1,8,109,109,109,-2,-2,-2,2,2,2,1,1,1,10360232,READ
133,3,work_array3,double,1,8,110,110,110,-2,-2,-2,2,2,2,1,1,1,10648000,WRITE
133,4,work_array1,double,1,8,110,110,110,-2,-2,-2,2,2,2,1,1,1,10648000,READ
134,0,work_array1,double,1,8,110,110,110,-2,-2,-2,2,2,2,1,1,1,10648000,READ
134,1,work_array3,double,1,8,110,110,110,-2,-2,-2,2,2,2,1,1,1,10648000,READ
134,2,work_array5,double,1,8,110,110,110,-2,-2,-2,2,2,2,1,1,1,10648000,WRITE
134,3,celldy,double,1,8,1,109,1,0,-2,0,0,2,0,1,1,1,872,READ
134,4,xvel1,double,1,8,110,110,110,-2,-2,-2,2,2,2,1,1,1,10648000,READ
135,0,xvel1,double,1,8,110,110,110,-2,-2,-2,2,2,2,1,1,1,10648000,RW
135,1,work_array2,double,1,8,110,110,110,-2,-2,-2,2,2,2,1,1,1,10648000,READ
135,2,work_array3,double,1,8,110,110,110,-2,-2,-2,2,2,2,1,1,1,10648000,READ
135,3,work_array5,double,1,8,110,110,110,-2,-2,-2,2,2,2,1,1,1,10648000,READ
119,0,work_array1,double,1,8,110,110,110,-2,-2,-2,2,2,2,1,1,1,10648000,WRITE
119,1,work_array2,double,1,8,110,110,110,-2,-2,-2,2,2,2,1,1,1,10648000,WRITE
119,2,volume,double,1,8,109,109,109,-2,-2,-2,2,2,2,1,1,1,10360232,READ
119,3,vol_flux_z,double,1,8,109,109,109,-2,-2,-2,2,2,2,1,1,1,10360232,READ
120,0,vol_flux_z,double,1,8,109,109,109,-2,-2,-2,2,2,2,1,1,1,10360232,READ
120,1,work_array1,double,1,8,110,110,110,-2,-2,-2,2,2,2,1,1,1,10648000,READ
120,2,zz,int,1,4,1,1,110,0,0,-2,0,0,2,1,1,1,440,READ
120,3,vertexdz,double,1,8,1,1,110,0,0,-2,0,0,2,1,1,1,880,READ
120,4,density1,double,1,8,109,109,109,-2,-2,-2,2,2,2,1,1,1,10360232,READ
120,5,energy1,double,1,8,109,109,109,-2,-2,-2,2,2,2,1,1,1,10360232,READ
120,6,mass_flux_z,double,1,8,109,109,109,-2,-2,-2,2,2,2,1,1,1,10360232,WRITE
120,7,work_array7,double,1,8,110,110,110,-2,-2,-2,2,2,2,1,1,1,10648000,WRITE
121,0,density1,double,1,8,109,109,109,-2,-2,-2,2,2,2,1,1,1,10360232,RW
121,1,energy1,double,1,8,109,109,109,-2,-2,-2,2,2,2,1,1,1,10360232,RW
121,2,mass_flux_z,double,1,8,109,109,109,-2,-2,-2,2,2,2,1,1,1,10360232,READ
121,3,vol_flux_z,double,1,8,109,109,109,-2,-2,-2,2,2,2,1,1,1,10360232,READ
121,4,work_array1,double,1,8,110,110,110,-2,-2,-2,2,2,2,1,1,1,10648000,READ
121,5,work_array2,double,1,8,110,110,110,-2,-2,-2,2,2,2,1,1,1,10648000,READ
121,6,work_array3,double,1,8,110,110,110,-2,-2,-2,2,2,2,1,1,1,10648000,WRITE
121,7,work_array4,double,1,8,110,110,110,-2,-2,-2,2,2,2,1,1,1,10648000,WRITE
121,8,work_array5,double,1,8,110,110,110,-2,-2,-2,2,2,2,1,1,1,10648000,WRITE
121,9,work_array6,double,1,8,110,110,110,-2,-2,-2,2,2,2,1,1,1,10648000,WRITE
121,10,work_array7,double,1,8,110,110,110,-2,-2,-2,2,2,2,1,1,1,10648000,READ
127,0,work_array6,double,1,8,110,110,110,-2,-2,-2,2,2,2,1,1,1,10648000,WRITE
127,1,work_array7,double,1,8,110,110,110,-2,-2,-2,2,2,2,1,1,1,10648000,WRITE
127,2,volume,double,1,8,109,109,109,-2,-2,-2,2,2,2,1,1,1,10360232,READ
127,3,vol_flux_z,double,1,8,109,109,109,-2,-2,-2,2,2,2,1,1,1,10360232,READ
136,0,work_array1,double,1,8,110,110,110,-2,-2,-2,2,2,2,1,1,1,10648000,WRITE
136,1,mass_flux_z,double,1,8,109,109,109,-2,-2,-2,2,2,2,1,1,1,10360232,READ
137,0,work_array2,double,1,8,110,110,110,-2,-2,-2,2,2,2,1,1,1,10648000,WRITE
137,1,work_array7,double,1,8,110,110,110,-2,-2,-2,2,2,2,1,1,1,10648000,READ
137,2,density1,double,1,8,109,109,109,-2,-2,-2,2,2,2,1,1,1,10360232,READ
137,3,work_array3,double,1,8,110,110,110,-2,-2,-2,2,2,2,1,1,1,10648000,WRITE
137,4,work_array1,double,1,8,110,110,110,-2,-2,-2,2,2,2,1,1,1,10648000,READ
138,0,work_array1,double,1,8,110,110,110,-2,-2,-2,2,2,2,1,1,1,10648000,READ
138,1,work_array3,double,1,8,110,110,110,-2,-2,-2,2,2,2,1,1,1,10648000,READ
138,2,work_array5,double,1,8,110,110,110,-2,-2,-2,2,2,2,1,1,1,10648000,WRITE
138,3,celldz,double,1,8,1,1,109,0,0,-2,0,0,2,1,1,1,872,READ
138,4,xvel1,double,1,8,110,110,110,-2,-2,-2,2,2,2,1,1,1,10648000,READ
139,0,xvel1,double,1,8,110,110,110,-2,-2,-2,2,2,2,1,1,1,10648000,RW
139,1,work_array2,double,1,8,110,110,110,-2,-2,-2,2,2,2,1,1,1,10648000,READ
139,2,work_array3,double,1,8,110,110,110,-2,-2,-2,2,2,2,1,1,1,10648000,READ
139,3,work_array5,double,1,8,110,110,110,-2,-2,-2,2,2,2,1,1,1,10648000,READ
140,0,density0,double,1,8,109,109,109,-2,-2,-2,2,2,2,1,1,1,10360232,WRITE
140,1,density1,double,1,8,109,109,109,-2,-2,-2,2,2,2,1,1,1,10360232,READ
140,2,energy0,double,1,8,109,109,109,-2,-2,-2,2,2,2,1,1,1,10360232,WRITE
140,3,energy1,double,1,8,109,109,109,-2,-2,-2,2,2,2,1,1,1,10360232,READ
141,0,xvel0,double,1,8,110,110,110,-2,-2,-2,2,2,2,1,1,1,10648000,WRITE
141,1,xvel1,double,1,8,110,110,110,-2,-2,-2,2,2,2,1,1,1,10648000,READ
141,2,yvel0,double,1,8,110,110,110,-2,-2,-2,2,2,2,1,1,1,10648000,WRITE
141,3,yvel1,double,1,8,110,110,110,-2,-2,-2,2,2,2,1,1,1,10648000,READ
141,4,zvel0,double,1,8,110,110,110,-2,-2,-2,2,2,2,1,1,1,10648000,WRITE
141,5,zvel1,double,1,8,110,110,110,-2,-2,-2,2,2,2,1,1,1,10648000,READ
118,0,work_array1,double,1,8,110,110,110,-2,-2,-2,2,2,2,1,1,1,10648000,WRITE
118,1,work_array2,double,1,8,110,110,110,-2,-2,-2,2,2,2,1,1,1,10648000,WRITE
118,2,volume,double,1,8,109,109,109,-2,-2,-2,2,2,2,1,1,1,10360232,READ
118,3,vol_flux_x,double,1,8,109,109,109,-2,-2,-2,2,2,2,1,1,1,10360232,READ
118,4,vol_flux_y,double,1,8,109,109,109,-2,-2,-2,2,2,2,1,1,1,10360232,READ
118,5,vol_flux_z,double,1,8,109,109,109,-2,-2,-2,2,2,2,1,1,1,10360232,READ
123,0,work_array6,double,1,8,110,110,110,-2,-2,-2,2,2,2,1,1,1,10648000,WRITE
123,1,work_array7,double,1,8,110,110,110,-2,-2,-2,2,2,2,1,1,1,10648000,WRITE
123,2,volume,double,1,8,109,109,109,-2,-2,-2,2,2,2,1,1,1,10360232,READ
123,3,vol_flux_x,double,1,8,109,109,109,-2,-2,-2,2,2,2,1,1,1,10360232,READ
123,4,vol_flux_y,double,1,8,109,109,109,-2,-2,-2,2,2,2,1,1,1,10360232,READ
123,5,vol_flux_z,double,1,8,109,109,109,-2,-2,-2,2,2,2,1,1,1,10360232,READ
115,0,work_array1,double,1,8,110,110,110,-2,-2,-2,2,2,2,1,1,1,10648000,WRITE
115,1,work_array2,double,1,8,110,110,110,-2,-2,-2,2,2,2,1,1,1,10648000,WRITE
115,2,volume,double,1,8,109,109,109,-2,-2,-2,2,2,2,1,1,1,10360232,READ
115,3,vol_flux_y,double,1,8,109,109,109,-2,-2,-2,2,2,2,1,1,1,10360232,READ
115,4,vol_flux_x,double,1,8,109,109,109,-2,-2,-2,2,2,2,1,1,1,10360232,READ
125,0,work_array6,double,1,8,110,110,110,-2,-2,-2,2,2,2,1,1,1,10648000,WRITE
125,1,work_array7,double,1,8,110,110,110,-2,-2,-2,2,2,2,1,1,1,10648000,WRITE
125,2,volume,double,1,8,109,109,109,-2,-2,-2,2,2,2,1,1,1,10360232,READ
125,3,vol_flux_x,double,1,8,109,109,109,-2,-2,-2,2,2,2,1,1,1,10360232,READ
125,4,vol_flux_y,double,1,8,109,109,109,-2,-2,-2,2,2,2,1,1,1,10360232,READ
111,0,work_array1,double,1,8,110,110,110,-2,-2,-2,2,2,2,1,1,1,10648000,WRITE
111,1,work_array2,double,1,8,110,110,110,-2,-2,-2,2,2,2,1,1,1,10648000,WRITE
111,2,volume,double,1,8,109,109,109,-2,-2,-2,2,2,2,1,1,1,10360232,READ
111,3,vol_flux_x,double,1,8,109,109,109,-2,-2,-2,2,2,2,1,1,1,10360232,READ
126,0,work_array6,double,1,8,110,110,110,-2,-2,-2,2,2,2,1,1,1,10648000,WRITE
126,1,work_array7,double,1,8,110,110,110,-2,-2,-2,2,2,2,1,1,1,10648000,WRITE
126,2,volume,double,1,8,109,109,109,-2,-2,-2,2,2,2,1,1,1,10360232,READ
126,3,vol_flux_x,double,1,8,109,109,109,-2,-2,-2,2,2,2,1,1,1,10360232,READ
